original_url_or_ref	new_path
network-asset-1674552-20-20830150206484-5218155.png	/assets/cs-course/network-asset-1674552-20-20830150206484-5218155.png
network-asset-1674552-20220809195539067-1810979611-20250820071013-osxwqi6.png	/assets/cs-course/network-asset-1674552-20220809195539067-1810979611-20250820071013-osxwqi6.png
network-asset-1674552-20220809200217191-238648965-20250820071013-6m24wwk.png	/assets/cs-course/network-asset-1674552-20220809200217191-238648965-20250820071013-6m24wwk.png
network-asset-1674552-20220809200336799-1928802352-20250820071013-vh2fsil.png	/assets/cs-course/network-asset-1674552-20220809200336799-1928802352-20250820071013-vh2fsil.png
network-asset-1674552-20220810142651252-250696817-20250820071013-bngsbj3.png	/assets/cs-course/network-asset-1674552-20220810142651252-250696817-20250820071013-bngsbj3.png
network-asset-1674552-20220810164030775-1436036974-20250820071013-9g4c0wn.png	/assets/cs-course/network-asset-1674552-20220810164030775-1436036974-20250820071013-9g4c0wn.png
network-asset-1674552-20220810165946743-656629503-20250820071013-mtqss52.png	/assets/cs-course/network-asset-1674552-20220810165946743-656629503-20250820071013-mtqss52.png
network-asset-1674552-20220810173947335-1733073567-20250820071013-js8pq99.png	/assets/cs-course/network-asset-1674552-20220810173947335-1733073567-20250820071013-js8pq99.png
network-asset-1674552-20220811225347532-1577698395-20250820071013-jl9tp66.png	/assets/cs-course/network-asset-1674552-20220811225347532-1577698395-20250820071013-jl9tp66.png
network-asset-1674552-20220811225418427-1650437421-20250820071013-pmj82ki.png	/assets/cs-course/network-asset-1674552-20220811225418427-1650437421-20250820071013-pmj82ki.png
network-asset-1674552-20220811225617150-149376687-20250820071013-qnoef3h.png	/assets/cs-course/network-asset-1674552-20220811225617150-149376687-20250820071013-qnoef3h.png
network-asset-1674552-20220811231147337-1995557595-20250820071013-0plkap1.png	/assets/cs-course/network-asset-1674552-20220811231147337-1995557595-20250820071013-0plkap1.png
network-asset-1674552-20220812003847351-768864455-20250820071013-v6g50fe.png	/assets/cs-course/network-asset-1674552-20220812003847351-768864455-20250820071013-v6g50fe.png
network-asset-1674552-20220812013520423-2002453181-20250820071013-hgg152l.png	/assets/cs-course/network-asset-1674552-20220812013520423-2002453181-20250820071013-hgg152l.png
network-asset-1674552-20220812013619617-963376843-20250820071014-wrdj8n5.png	/assets/cs-course/network-asset-1674552-20220812013619617-963376843-20250820071014-wrdj8n5.png
network-asset-1674552-20220812014147058-1277659305-20250820071014-ph4epf3.png	/assets/cs-course/network-asset-1674552-20220812014147058-1277659305-20250820071014-ph4epf3.png
network-asset-1674552-20220812015023605-439680229-20250820071014-38z5kqx.png	/assets/cs-course/network-asset-1674552-20220812015023605-439680229-20250820071014-38z5kqx.png
network-asset-1674552-20220812020507016-414358226-20250820071014-xk4icg5.png	/assets/cs-course/network-asset-1674552-20220812020507016-414358226-20250820071014-xk4icg5.png
network-asset-1674552-20220812020816333-465966993-20250820071015-0p56hug.png	/assets/cs-course/network-asset-1674552-20220812020816333-465966993-20250820071015-0p56hug.png
network-asset-1674552-20220812021009315-757469025-20250820071015-wk781un.png	/assets/cs-course/network-asset-1674552-20220812021009315-757469025-20250820071015-wk781un.png
network-asset-1674552-20220812154447733-1749225690-20250820071015-umq2gf5.png	/assets/cs-course/network-asset-1674552-20220812154447733-1749225690-20250820071015-umq2gf5.png
network-asset-1674552-20220812161555373-1850153066-20250820071016-9372m2y.png	/assets/cs-course/network-asset-1674552-20220812161555373-1850153066-20250820071016-9372m2y.png
network-asset-1674552-20220812174404148-1646196121-20250820071016-7131sn8.png	/assets/cs-course/network-asset-1674552-20220812174404148-1646196121-20250820071016-7131sn8.png
network-asset-1674552-20220812174845940-1147293703-20250820071016-3up55f3.png	/assets/cs-course/network-asset-1674552-20220812174845940-1147293703-20250820071016-3up55f3.png
network-asset-1674552-20220812185921280-342255187-20250820071016-evicjsp.png	/assets/cs-course/network-asset-1674552-20220812185921280-342255187-20250820071016-evicjsp.png
network-asset-1674552-20220813131648513-724955622-20250820071013-wd2oojq.png	/assets/cs-course/network-asset-1674552-20220813131648513-724955622-20250820071013-wd2oojq.png
network-asset-1674552-20220813151526090-1689601119-20250820071013-go444bz.png	/assets/cs-course/network-asset-1674552-20220813151526090-1689601119-20250820071013-go444bz.png
network-asset-1674552-20220813151557631-1219400134-20250820071013-p5bwl6y.png	/assets/cs-course/network-asset-1674552-20220813151557631-1219400134-20250820071013-p5bwl6y.png
network-asset-1674552-20220813154742749-881793106-20250820071013-xc6zvhm.png	/assets/cs-course/network-asset-1674552-20220813154742749-881793106-20250820071013-xc6zvhm.png
network-asset-1674552-20220813185329044-429482247-20250820071016-ypmt29s.png	/assets/cs-course/network-asset-1674552-20220813185329044-429482247-20250820071016-ypmt29s.png
network-asset-1674552-20220814225711949-249810888-20250820071016-qprqy6l.png	/assets/cs-course/network-asset-1674552-20220814225711949-249810888-20250820071016-qprqy6l.png
network-asset-1674552-20220814231853472-1506050623-20250820071017-7s8xxl6.png	/assets/cs-course/network-asset-1674552-20220814231853472-1506050623-20250820071017-7s8xxl6.png
network-asset-1674552-20220814232115037-1696928336-20250820071017-z9qwr90.png	/assets/cs-course/network-asset-1674552-20220814232115037-1696928336-20250820071017-z9qwr90.png
network-asset-1674552-20220815034912249-1077631113-20250820071017-coi899c.png	/assets/cs-course/network-asset-1674552-20220815034912249-1077631113-20250820071017-coi899c.png
network-asset-1674552-20220817134801656-782430105-20250820071017-ourjv9g.png	/assets/cs-course/network-asset-1674552-20220817134801656-782430105-20250820071017-ourjv9g.png
network-asset-1674552-20220817135550751-1828190406-20250820071017-xcuhrlm.png	/assets/cs-course/network-asset-1674552-20220817135550751-1828190406-20250820071017-xcuhrlm.png
network-asset-1674552-20220817143805086-1747771925-20250820071017-0irc855.png	/assets/cs-course/network-asset-1674552-20220817143805086-1747771925-20250820071017-0irc855.png
network-asset-1674552-20220817152435050-1139094099-20250820071017-m62f4vg.png	/assets/cs-course/network-asset-1674552-20220817152435050-1139094099-20250820071017-m62f4vg.png
network-asset-1674552-20220821211416977-1949795927-20250820071019-3dm9qoi.png	/assets/cs-course/network-asset-1674552-20220821211416977-1949795927-20250820071019-3dm9qoi.png
network-asset-1674552-20220821225708926-1798303386-20250820071020-6m6za9w.png	/assets/cs-course/network-asset-1674552-20220821225708926-1798303386-20250820071020-6m6za9w.png
network-asset-1674552-20220823012019222-76780861-20250820071020-f1y4md6.png	/assets/cs-course/network-asset-1674552-20220823012019222-76780861-20250820071020-f1y4md6.png
network-asset-1674552-20220823020518824-2073287419-20250820071020-zp7979h.png	/assets/cs-course/network-asset-1674552-20220823020518824-2073287419-20250820071020-zp7979h.png
network-asset-1674552-20220823194343948-249460384-20250820071020-9ci0pvz.png	/assets/cs-course/network-asset-1674552-20220823194343948-249460384-20250820071020-9ci0pvz.png
network-asset-1674552-20220823195657691-633607038-20250820071020-w1er8fo.png	/assets/cs-course/network-asset-1674552-20220823195657691-633607038-20250820071020-w1er8fo.png
network-asset-1674552-20220823195746708-1500974393-20250820071020-9k9vd6y.png	/assets/cs-course/network-asset-1674552-20220823195746708-1500974393-20250820071020-9k9vd6y.png
network-asset-1674552-20220823211541251-1196886482-20250820071020-udr91h5.png	/assets/cs-course/network-asset-1674552-20220823211541251-1196886482-20250820071020-udr91h5.png
network-asset-1674552-20220823212006171-1418704087-20250820071020-6kg92fv.png	/assets/cs-course/network-asset-1674552-20220823212006171-1418704087-20250820071020-6kg92fv.png
network-asset-1674552-20220823214254763-820008719-20250820071020-xmvhe7t.png	/assets/cs-course/network-asset-1674552-20220823214254763-820008719-20250820071020-xmvhe7t.png
network-asset-1674552-20220823221011514-1459755282-20250820071020-hj93qla.png	/assets/cs-course/network-asset-1674552-20220823221011514-1459755282-20250820071020-hj93qla.png
network-asset-1674552-20220823221202899-1802069705-20250820071020-w73eocp.png	/assets/cs-course/network-asset-1674552-20220823221202899-1802069705-20250820071020-w73eocp.png
network-asset-1674552-20220824010334376-962894832-20250820071020-czrtltd.png	/assets/cs-course/network-asset-1674552-20220824010334376-962894832-20250820071020-czrtltd.png
network-asset-1674552-20220824011828066-351011658-20250820071020-eyz5uaw.png	/assets/cs-course/network-asset-1674552-20220824011828066-351011658-20250820071020-eyz5uaw.png
network-asset-1674552-20220824024416561-1427706750-20250820071020-j6eoihy.png	/assets/cs-course/network-asset-1674552-20220824024416561-1427706750-20250820071020-j6eoihy.png
network-asset-1674552-20220824035051769-798771559-20250820071021-oswxa91.png	/assets/cs-course/network-asset-1674552-20220824035051769-798771559-20250820071021-oswxa91.png
network-asset-1674552-20220824035323301-2088826695-20250820071021-ekdvyuk.png	/assets/cs-course/network-asset-1674552-20220824035323301-2088826695-20250820071021-ekdvyuk.png
network-asset-1674552-20220824235419045-61011589-20250820071022-qgocwji.png	/assets/cs-course/network-asset-1674552-20220824235419045-61011589-20250820071022-qgocwji.png
network-asset-1674552-20220825231838762-82786192-20250820071022-2uf1gd7.png	/assets/cs-course/network-asset-1674552-20220825231838762-82786192-20250820071022-2uf1gd7.png
network-asset-1674552-20220825231902654-1830116630-20250820071023-ntff85f.png	/assets/cs-course/network-asset-1674552-20220825231902654-1830116630-20250820071023-ntff85f.png
network-asset-1674552-20220825232653717-933039158-20250820071023-2fvj97o.png	/assets/cs-course/network-asset-1674552-20220825232653717-933039158-20250820071023-2fvj97o.png
network-asset-1674552-20220826003042895-398108076-20250820071023-jucrwtn.png	/assets/cs-course/network-asset-1674552-20220826003042895-398108076-20250820071023-jucrwtn.png
network-asset-1674552-20220826031741458-1205759311-20250820071024-uzkp6z0.png	/assets/cs-course/network-asset-1674552-20220826031741458-1205759311-20250820071024-uzkp6z0.png
network-asset-1674552-20220826034357530-1607119756-20250820071024-gt5nc4v.png	/assets/cs-course/network-asset-1674552-20220826034357530-1607119756-20250820071024-gt5nc4v.png
network-asset-1674552-20220826035716381-2080999133-20250820071024-7xsuj1z.png	/assets/cs-course/network-asset-1674552-20220826035716381-2080999133-20250820071024-7xsuj1z.png
network-asset-1674552-20220827154449571-1111136439-20250820071024-7vd2cp1.png	/assets/cs-course/network-asset-1674552-20220827154449571-1111136439-20250820071024-7vd2cp1.png
network-asset-1674552-20220827160414649-815731911-20250820071024-e3eb3pe.png	/assets/cs-course/network-asset-1674552-20220827160414649-815731911-20250820071024-e3eb3pe.png
network-asset-1674552-20220828092326562-560810178-20250820071024-l6l175l.png	/assets/cs-course/network-asset-1674552-20220828092326562-560810178-20250820071024-l6l175l.png
network-asset-1674552-20220828094123419-1473142119-20250820071024-3hooa99.png	/assets/cs-course/network-asset-1674552-20220828094123419-1473142119-20250820071024-3hooa99.png
network-asset-1674552-20220828094612571-1019126326-20250820071024-aqwim79.png	/assets/cs-course/network-asset-1674552-20220828094612571-1019126326-20250820071024-aqwim79.png
network-asset-1674552-20220828134139803-1419970148-20250820071024-1vdkrsx.png	/assets/cs-course/network-asset-1674552-20220828134139803-1419970148-20250820071024-1vdkrsx.png
network-asset-1674552-20220828170158148-2022966120-20250820071024-lfim2jd.png	/assets/cs-course/network-asset-1674552-20220828170158148-2022966120-20250820071024-lfim2jd.png
network-asset-1674552-20220828201644911-1949426950-20250820071024-9waunka.png	/assets/cs-course/network-asset-1674552-20220828201644911-1949426950-20250820071024-9waunka.png
network-asset-1674552-20220828201802096-1921804334-20250820071024-uckrr6x.png	/assets/cs-course/network-asset-1674552-20220828201802096-1921804334-20250820071024-uckrr6x.png
network-asset-1674552-20220828202712774-654877548-20250820071024-323wr5h.png	/assets/cs-course/network-asset-1674552-20220828202712774-654877548-20250820071024-323wr5h.png
network-asset-1674552-20220828203127294-2066450135-20250820071024-pnga2cr.png	/assets/cs-course/network-asset-1674552-20220828203127294-2066450135-20250820071024-pnga2cr.png
network-asset-1674552-20220830142343501-638579036-20250820071024-eyb33su.png	/assets/cs-course/network-asset-1674552-20220830142343501-638579036-20250820071024-eyb33su.png
network-asset-1674552-20220830143111384-631724061-20250820071025-1kxpqc6.png	/assets/cs-course/network-asset-1674552-20220830143111384-631724061-20250820071025-1kxpqc6.png
network-asset-1674552-20220830151008799-126668580-20250820071026-0m85rk7.png	/assets/cs-course/network-asset-1674552-20220830151008799-126668580-20250820071026-0m85rk7.png
network-asset-1674552-20220830152301573-1513439142-20250820071026-991npfh.png	/assets/cs-course/network-asset-1674552-20220830152301573-1513439142-20250820071026-991npfh.png
network-asset-1674552-20220830154808531-174557672-20250820071026-vnffv2z.png	/assets/cs-course/network-asset-1674552-20220830154808531-174557672-20250820071026-vnffv2z.png
network-asset-1674552-20220830192547102-55873998-20250820071026-gk75nhk.png	/assets/cs-course/network-asset-1674552-20220830192547102-55873998-20250820071026-gk75nhk.png
network-asset-1674552-20220830195102847-1663454076-20250820071027-u4j5603.png	/assets/cs-course/network-asset-1674552-20220830195102847-1663454076-20250820071027-u4j5603.png
network-asset-1674552-20220831090542971-1363028971-20250820071027-7c6440n.png	/assets/cs-course/network-asset-1674552-20220831090542971-1363028971-20250820071027-7c6440n.png
network-asset-1674552-20220831135553025-1734269296-20250820071027-m7fwzbo.png	/assets/cs-course/network-asset-1674552-20220831135553025-1734269296-20250820071027-m7fwzbo.png
network-asset-1674552-20220831140837879-967062498-20250820071028-z26ntvh.png	/assets/cs-course/network-asset-1674552-20220831140837879-967062498-20250820071028-z26ntvh.png
network-asset-1674552-20220831142529845-1073504703-20250820071028-d761e65.png	/assets/cs-course/network-asset-1674552-20220831142529845-1073504703-20250820071028-d761e65.png
network-asset-1674552-20220831220010076-663358763-20250820071028-rk5791q.png	/assets/cs-course/network-asset-1674552-20220831220010076-663358763-20250820071028-rk5791q.png
network-asset-1674552-20220831224258807-811449108-20250820071028-1cl9vw9.png	/assets/cs-course/network-asset-1674552-20220831224258807-811449108-20250820071028-1cl9vw9.png
network-asset-1674552-20220831235249250-1124330411-20250820071028-xh3ssha.png	/assets/cs-course/network-asset-1674552-20220831235249250-1124330411-20250820071028-xh3ssha.png
network-asset-1674552-20220901001337813-1966164158-20250820071028-lm378cs.png	/assets/cs-course/network-asset-1674552-20220901001337813-1966164158-20250820071028-lm378cs.png
network-asset-1674552-20220901112618161-737550227-20250820071028-jh9fw34.png	/assets/cs-course/network-asset-1674552-20220901112618161-737550227-20250820071028-jh9fw34.png
network-asset-1674552-20220901112703531-835559310-20250820071028-w96f3il.png	/assets/cs-course/network-asset-1674552-20220901112703531-835559310-20250820071028-w96f3il.png
network-asset-1674552-20220901112730094-967847949-20250820071018-ij3ysui.png	/assets/cs-course/network-asset-1674552-20220901112730094-967847949-20250820071018-ij3ysui.png
network-asset-1674552-20220901124449159-738542879-20250820071028-zl31slf.png	/assets/cs-course/network-asset-1674552-20220901124449159-738542879-20250820071028-zl31slf.png
network-asset-1674552-20220901145433505-1988568920-20250820071028-8uji72q.png	/assets/cs-course/network-asset-1674552-20220901145433505-1988568920-20250820071028-8uji72q.png
network-asset-1674552-20220901155846079-1262567814-20250820071028-jrw72ej.png	/assets/cs-course/network-asset-1674552-20220901155846079-1262567814-20250820071028-jrw72ej.png
network-asset-1674552-20220901160405181-745626333-20250820071028-69juzil.png	/assets/cs-course/network-asset-1674552-20220901160405181-745626333-20250820071028-69juzil.png
network-asset-1674552-20220901160855987-1079773187-20250820071028-qhr7i7l.png	/assets/cs-course/network-asset-1674552-20220901160855987-1079773187-20250820071028-qhr7i7l.png
network-asset-1674552-20220901161852314-1488790522-20250820071028-2d5rv5r.png	/assets/cs-course/network-asset-1674552-20220901161852314-1488790522-20250820071028-2d5rv5r.png
network-asset-1674552-20220901162914141-1043482798-20250820071028-cosd5ib.png	/assets/cs-course/network-asset-1674552-20220901162914141-1043482798-20250820071028-cosd5ib.png
network-asset-1674552-20220901230439554-434952681-20250820071028-j7hnrjq.png	/assets/cs-course/network-asset-1674552-20220901230439554-434952681-20250820071028-j7hnrjq.png
network-asset-1674552-20220901230812100-635237913-20250820071028-vs4j6a6.png	/assets/cs-course/network-asset-1674552-20220901230812100-635237913-20250820071028-vs4j6a6.png
network-asset-1674552-20220901231359170-279256354-20250820071028-581z1vq.png	/assets/cs-course/network-asset-1674552-20220901231359170-279256354-20250820071028-581z1vq.png
network-asset-1674552-20220901232617426-81812575-20250820071028-ieq16co.png	/assets/cs-course/network-asset-1674552-20220901232617426-81812575-20250820071028-ieq16co.png
network-asset-1674552-20220901234425061-342757783-20250820071028-5wswc5y.png	/assets/cs-course/network-asset-1674552-20220901234425061-342757783-20250820071028-5wswc5y.png
network-asset-1674552-20220901235226788-1960773768-20250820071028-wx58vqq.png	/assets/cs-course/network-asset-1674552-20220901235226788-1960773768-20250820071028-wx58vqq.png
network-asset-1674552-20220901235923513-1057444047-20250820071028-3mrfr21.png	/assets/cs-course/network-asset-1674552-20220901235923513-1057444047-20250820071028-3mrfr21.png
network-asset-1674552-20220902164757948-2122720510-20250820071028-8e7qgsi.png	/assets/cs-course/network-asset-1674552-20220902164757948-2122720510-20250820071028-8e7qgsi.png
network-asset-1674552-20220902223241966-1697802100-20250820071028-m7yiohi.png	/assets/cs-course/network-asset-1674552-20220902223241966-1697802100-20250820071028-m7yiohi.png
network-asset-1674552-20220902232906950-981706741-20250820071028-t72rkeq.png	/assets/cs-course/network-asset-1674552-20220902232906950-981706741-20250820071028-t72rkeq.png
network-asset-1674552-20220902233826984-1575498829-20250820071028-7ypneh3.png	/assets/cs-course/network-asset-1674552-20220902233826984-1575498829-20250820071028-7ypneh3.png
network-asset-1674552-20220903133625884-1634037419-20250820071028-n11j1dw.png	/assets/cs-course/network-asset-1674552-20220903133625884-1634037419-20250820071028-n11j1dw.png
network-asset-1674552-20220903134344670-431940176-20250820071028-f64ng0u.png	/assets/cs-course/network-asset-1674552-20220903134344670-431940176-20250820071028-f64ng0u.png
network-asset-1674552-20220903140244374-2008819084-20250820071028-0pw28r1.png	/assets/cs-course/network-asset-1674552-20220903140244374-2008819084-20250820071028-0pw28r1.png
network-asset-1674552-20220903140459134-1584537426-20250820071028-nlzo0i8.png	/assets/cs-course/network-asset-1674552-20220903140459134-1584537426-20250820071028-nlzo0i8.png
network-asset-1674552-20220903140900638-1753734523-20250820071028-i5foe0t.png	/assets/cs-course/network-asset-1674552-20220903140900638-1753734523-20250820071028-i5foe0t.png
network-asset-1674552-20220903144428103-1920798503-20250820071028-ytxwdl2.png	/assets/cs-course/network-asset-1674552-20220903144428103-1920798503-20250820071028-ytxwdl2.png
network-asset-1674552-20220903145721930-62525756-20250820071028-87qa7qq.png	/assets/cs-course/network-asset-1674552-20220903145721930-62525756-20250820071028-87qa7qq.png
network-asset-1674552-20220903145805747-779109435-20250820071028-du17wmv.png	/assets/cs-course/network-asset-1674552-20220903145805747-779109435-20250820071028-du17wmv.png
network-asset-1674552-20220903152732647-1378321966-20250820071028-vkf1qm7.png	/assets/cs-course/network-asset-1674552-20220903152732647-1378321966-20250820071028-vkf1qm7.png
network-asset-1674552-20220928130702482-424391079-20250820071013-vs5iulm.png	/assets/cs-course/network-asset-1674552-20220928130702482-424391079-20250820071013-vs5iulm.png
network-asset-1674552-20220810174803797-932308201-20250820071013-yojx8tr.jpg	/assets/cs-course/network-asset-1674552-20220810174803797-932308201-20250820071013-yojx8tr.jpg
network-asset-1674552-20220810211826508-93700193-20250820071013-gadrqk6.jpg	/assets/cs-course/network-asset-1674552-20220810211826508-93700193-20250820071013-gadrqk6.jpg
network-asset-1674552-20220819155421134-1397204897-20250820071017-htwyhc3.jpg	/assets/cs-course/network-asset-1674552-20220819155421134-1397204897-20250820071017-htwyhc3.jpg
network-asset-1674552-20220819163427947-1032936256-20250820071018-hg15ng7.jpg	/assets/cs-course/network-asset-1674552-20220819163427947-1032936256-20250820071018-hg15ng7.jpg
network-asset-1674552-20220819173157393-134812365-20250820071019-gf8l72u.jpg	/assets/cs-course/network-asset-1674552-20220819173157393-134812365-20250820071019-gf8l72u.jpg
network-asset-1674552-20220820234132279-1939785060-20250820071019-xcuu175.jpg	/assets/cs-course/network-asset-1674552-20220820234132279-1939785060-20250820071019-xcuu175.jpg
network-asset-1674552-20220821224245970-331464566-20250820071019-v544u4t.jpg	/assets/cs-course/network-asset-1674552-20220821224245970-331464566-20250820071019-v544u4t.jpg
network-asset-1674552-20220821224304836-1995793887-20250820071019-4dsu6ib.jpg	/assets/cs-course/network-asset-1674552-20220821224304836-1995793887-20250820071019-4dsu6ib.jpg
network-asset-1674552-20220823210947871-89799079-20250820071020-vqwzokz.jpg	/assets/cs-course/network-asset-1674552-20220823210947871-89799079-20250820071020-vqwzokz.jpg
network-asset-1674552-20220824010242905-420873274-20250820071020-uhjgbs9.jpg	/assets/cs-course/network-asset-1674552-20220824010242905-420873274-20250820071020-uhjgbs9.jpg
network-asset-1674552-20220824012244247-1869200440-20250820071020-v0oq8ww.jpg	/assets/cs-course/network-asset-1674552-20220824012244247-1869200440-20250820071020-v0oq8ww.jpg
network-asset-1674552-20220824025741089-1429442028-20250820071020-zr5lee4.jpg	/assets/cs-course/network-asset-1674552-20220824025741089-1429442028-20250820071020-zr5lee4.jpg
network-asset-1674552-20220824030112944-1236824587-20250820071020-v98jane.jpg	/assets/cs-course/network-asset-1674552-20220824030112944-1236824587-20250820071020-v98jane.jpg
network-asset-1674552-20220824031145130-238771526-20250820071021-13ybp49.jpg	/assets/cs-course/network-asset-1674552-20220824031145130-238771526-20250820071021-13ybp49.jpg
network-asset-1674552-20220824031643483-1053408911-20250820071021-8o8pd1j.jpg	/assets/cs-course/network-asset-1674552-20220824031643483-1053408911-20250820071021-8o8pd1j.jpg
network-asset-1674552-20220824235220726-326055143-20250820071021-8kubz24.jpg	/assets/cs-course/network-asset-1674552-20220824235220726-326055143-20250820071021-8kubz24.jpg
network-asset-1674552-20220827160110696-1709665738-20250820071024-7vkb1ip.jpg	/assets/cs-course/network-asset-1674552-20220827160110696-1709665738-20250820071024-7vkb1ip.jpg
network-asset-1674552-20220830194603425-728966856-20250820071026-inhl2hx.jpg	/assets/cs-course/network-asset-1674552-20220830194603425-728966856-20250820071026-inhl2hx.jpg
network-asset-1674552-20220831093139637-2122050012-20250820071027-flyoo0x.jpg	/assets/cs-course/network-asset-1674552-20220831093139637-2122050012-20250820071027-flyoo0x.jpg
network-asset-1674552-20220831093921950-1516739775-20250820071027-sr1u8cr.jpg	/assets/cs-course/network-asset-1674552-20220831093921950-1516739775-20250820071027-sr1u8cr.jpg
network-asset-1674552-20220831094750307-108520850-20250820071027-b4zoxj9.jpg	/assets/cs-course/network-asset-1674552-20220831094750307-108520850-20250820071027-b4zoxj9.jpg
network-asset-1674552-20220831171820322-1915210577-20250820071028-v5mvru7.jpg	/assets/cs-course/network-asset-1674552-20220831171820322-1915210577-20250820071028-v5mvru7.jpg
network-asset-1674552-20220831234708889-2044757843-20250820071028-clkt8a6.jpg	/assets/cs-course/network-asset-1674552-20220831234708889-2044757843-20250820071028-clkt8a6.jpg
network-asset-1674552-20220901004302540-58568175-20250820071028-2qlfnbs.jpg	/assets/cs-course/network-asset-1674552-20220901004302540-58568175-20250820071028-2qlfnbs.jpg
network-asset-1674552-20220901224103039-384285773-20250820071028-naaq4a3.jpg	/assets/cs-course/network-asset-1674552-20220901224103039-384285773-20250820071028-naaq4a3.jpg
network-asset-1674552-20220901232859126-1899200616-20250820071028-ejgyjj6.jpg	/assets/cs-course/network-asset-1674552-20220901232859126-1899200616-20250820071028-ejgyjj6.jpg
network-asset-1674552-20220902222550398-248037390-20250820071028-zfagdvz.jpg	/assets/cs-course/network-asset-1674552-20220902222550398-248037390-20250820071028-zfagdvz.jpg
network-asset-1674552-20220819162912537-933568587-20250820071018-8n59b4l.gif	/assets/cs-course/network-asset-1674552-20220819162912537-933568587-20250820071018-8n59b4l.gif
network-asset-1674552-20220823221145557-1714773327-20250820071020-14f4je7.gif	/assets/cs-course/network-asset-1674552-20220823221145557-1714773327-20250820071020-14f4je7.gif
network-asset-v2-024095a35bc161fba4464cb5b67bc7e4_1440w-20250820071016-e9gcodi.jpg	/assets/cs-course/network-asset-v2-024095a35bc161fba4464cb5b67bc7e4_1440w-20250820071016-e9gcodi.jpg
network-asset-v2-625d9b2a4084fe9f4ac7f23781df0c60_1440w-20250820071016-q0n985x.jpg	/assets/cs-course/network-asset-v2-625d9b2a4084fe9f4ac7f23781df0c60_1440w-20250820071016-q0n985x.jpg
network-asset-v2-a1c804e261a33376cb517da16d242ee6_1440w-20250820071022-ypsr21n.jpg	/assets/cs-course/network-asset-v2-a1c804e261a33376cb517da16d242ee6_1440w-20250820071022-ypsr21n.jpg
network-asset-v2-8b30ab2eb8fecd1574bcc4357ab35321_b-20250820071024-201xamz.webp	/assets/cs-course/network-asset-v2-8b30ab2eb8fecd1574bcc4357ab35321_b-20250820071024-201xamz.webp
network-asset-20200721141323_50784-20250820071027-r6wm06i.jpg	/assets/cs-course/network-asset-20200721141323_50784-20250820071027-r6wm06i.jpg
network-asset-04f11665g00r1aa22011sc000dc009eg-20250820071027-3r6gu5t.gif	/assets/cs-course/network-asset-04f11665g00r1aa22011sc000dc009eg-20250820071027-3r6gu5t.gif
network-asset-20190601221021727-20250820071028-d1nkyqt.png	/assets/cs-course/network-asset-20190601221021727-20250820071028-d1nkyqt.png
network-asset-592fd0b0cafa444492ce068e2bcc6b9c-20250820071026-xflit8j.jpeg	/assets/cs-course/network-asset-592fd0b0cafa444492ce068e2bcc6b9c-20250820071026-xflit8j.jpeg
